{"cameraMode":{"drawMode":0,"name":"Shaded","section":"Shading Mode"},"sceneLighting":false,"audioPlay":false,"sceneViewState":{"showFog":false,"showMaterialUpdate":false,"showSkybox":false,"showFlares":false,"showImageEffects":false,"showParticleSystems":false},"in2DMode":false,"pivot":{"x":-2.781301498413086,"y":-1.3416378498077393,"z":-0.6148403882980347},"rotation":{"x":0.1453961431980133,"y":-0.7803117036819458,"z":0.1971699297428131,"w":0.5754149556159973},"size":1.861919641494751,"orthographic":false}