{"cameraMode":{"drawMode":0,"name":"Shaded","section":"Shading Mode"},"sceneLighting":false,"audioPlay":false,"sceneViewState":{"showFog":false,"showMaterialUpdate":false,"showSkybox":false,"showFlares":false,"showImageEffects":false,"showParticleSystems":false},"in2DMode":false,"pivot":{"x":0.7139999866485596,"y":-0.2889999747276306,"z":1.3980000019073487},"rotation":{"x":0.06342345476150513,"y":-0.9246640205383301,"z":0.3310573101043701,"w":0.1771518886089325},"size":0.5049752593040466,"orthographic":false}