{"cameraMode":{"drawMode":0,"name":"Shaded","section":"Shading Mode"},"sceneLighting":true,"audioPlay":false,"sceneViewState":{"showFog":false,"showMaterialUpdate":false,"showSkybox":false,"showFlares":false,"showImageEffects":false,"showParticleSystems":false},"in2DMode":false,"pivot":{"x":5.535775184631348,"y":-5.8878583908081059,"z":-0.414201557636261},"rotation":{"x":-0.15886472165584565,"y":-0.7849275469779968,"z":0.22461259365081788,"w":-0.5551615357398987},"size":7.093223571777344,"orthographic":false}