{"cameraMode":{"drawMode":0,"name":"Shaded","section":"Shading Mode"},"sceneLighting":true,"audioPlay":false,"sceneViewState":{"showFog":true,"showMaterialUpdate":true,"showSkybox":true,"showFlares":true,"showImageEffects":true,"showParticleSystems":true},"in2DMode":false,"pivot":{"x":-1401.878662109375,"y":155.5458984375,"z":4692.8701171875},"rotation":{"x":0.27401676774024966,"y":-0.08584024012088776,"z":0.024564072489738466,"w":0.9575716853141785},"size":1440.87646484375,"orthographic":false}