{"cameraMode":{"drawMode":0,"name":"Shaded","section":"Shading Mode"},"sceneLighting":false,"audioPlay":false,"sceneViewState":{"showFog":false,"showMaterialUpdate":false,"showSkybox":false,"showFlares":false,"showImageEffects":false,"showParticleSystems":false},"in2DMode":false,"pivot":{"x":0.13199999928474427,"y":1.0,"z":0.6990000009536743},"rotation":{"x":0.003337050788104534,"y":-0.9775952100753784,"z":0.20990076661109925,"w":0.01554337702691555},"size":1.6269680261611939,"orthographic":false}